
{
    "cifar10_models_dataset_all_weights-stats": {
        "colsample_bytree": 0.8222006034487477,
        "learning_rate": 0.09607224449280868,
        "max_bin": 132,
        "max_depth": 13,
        "min_child_weight": 1,
        "n_estimators": 1500,
        "num_leaves": 2029,
        "reg_alpha": 0.0045865072963506,
        "reg_lambda": 5.035652037286186,
        "subsample": 0.7116955493513186
    },
    "cifar10_models_dataset_hyperparams": {
        "colsample_bytree": 0.7237070531591113,
        "learning_rate": 0.09010262005710036,
        "max_bin": 191,
        "max_depth": 12,
        "min_child_weight": 3,
        "n_estimators": 1500,
        "num_leaves": 4310,
        "reg_alpha": 0.34541661534030615,
        "reg_lambda": 9.429983720744211,
        "subsample": 0.1287830711470793
    },
    "cifar10_models_dataset_hyperparams+metrics": {
        "colsample_bytree": 0.855119108859199,
        "learning_rate": 0.062103774066716834,
        "max_bin": 164,
        "max_depth": 8,
        "min_child_weight": 3,
        "n_estimators": 1500,
        "num_leaves": 8107,
        "reg_alpha": 0.10829254778280092,
        "reg_lambda": 0.0523054650737575,
        "subsample": 0.9686639619627297
    },
    "cifar10_models_dataset_layer_0_weights-stats": {
        "colsample_bytree": 0.8065969352686795,
        "learning_rate": 0.08032749336283627,
        "max_bin": 73,
        "max_depth": 13,
        "min_child_weight": 5,
        "n_estimators": 1500,
        "num_leaves": 9516,
        "reg_alpha": 1.4216051850652092,
        "reg_lambda": 0.3068677834471707,
        "subsample": 0.8305568456028347
    },
    "cifar10_models_dataset_layer_1_weights-stats": {
        "colsample_bytree": 0.9172370468653912,
        "learning_rate": 0.07886954951767826,
        "max_bin": 185,
        "max_depth": 7,
        "min_child_weight": 1,
        "n_estimators": 1500,
        "num_leaves": 3492,
        "reg_alpha": 0.4450677571348395,
        "reg_lambda": 0.08477284335591517,
        "subsample": 0.983157511481421
    },
    "cifar10_models_dataset_layer_2_weights-stats": {
        "colsample_bytree": 0.9512134544534452,
        "learning_rate": 0.08394461499773372,
        "max_bin": 137,
        "max_depth": 6,
        "min_child_weight": 3,
        "n_estimators": 1500,
        "num_leaves": 6280,
        "reg_alpha": 0.27080483892875756,
        "reg_lambda": 0.08086315203475314,
        "subsample": 0.9990860885674502
    },
    "cifar10_models_dataset_layer_3_weights-stats": {
        "colsample_bytree": 0.9922195583238909,
        "learning_rate": 0.06853830152162309,
        "max_bin": 64,
        "max_depth": 8,
        "min_child_weight": 1,
        "n_estimators": 1500,
        "num_leaves": 3045,
        "reg_alpha": 0.5096497797713841,
        "reg_lambda": 3.4809540827717598,
        "subsample": 0.9031004465095055
    },
    "cifar10_models_dataset_layer_3_weights-stats+hyperparams": {
        "colsample_bytree": 0.9471458578898462,
        "learning_rate": 0.09625642644915491,
        "max_bin": 206,
        "max_depth": 11,
        "min_child_weight": 1,
        "n_estimators": 1500,
        "num_leaves": 2665,
        "reg_alpha": 0.005645396261954885,
        "reg_lambda": 4.426389784460459,
        "subsample": 0.9092549283914524
    },
    "cifar10_models_dataset_layer_3_weights-stats+metric_cols": {
        "colsample_bytree": 0.9268727078636634,
        "learning_rate": 0.07465273352069905,
        "max_bin": 190,
        "max_depth": 11,
        "min_child_weight": 1,
        "n_estimators": 1500,
        "num_leaves": 6383,
        "reg_alpha": 0.6221048193626255,
        "reg_lambda": 0.13416386406856814,
        "subsample": 0.8103124498484744
    },
    "cifar10_models_dataset_layer_3_weights-stats+metric_cols+hyperparams": {
        "colsample_bytree": 0.9568674179023867,
        "learning_rate": 0.06093139995627375,
        "max_bin": 144,
        "max_depth": 10,
        "min_child_weight": 1,
        "n_estimators": 1500,
        "num_leaves": 819,
        "reg_alpha": 0.2977600497703041,
        "reg_lambda": 0.006975575271960915,
        "subsample": 0.9396797294742091
    },
    "cifar10_models_dataset_metrics": {
        "colsample_bytree": 0.9498768378800018,
        "learning_rate": 0.09976466158914857,
        "max_bin": 155,
        "max_depth": 10,
        "min_child_weight": 1,
        "n_estimators": 1500,
        "num_leaves": 647,
        "reg_alpha": 0.42794168022329393,
        "reg_lambda": 2.0234610869201277,
        "subsample": 0.8469796337770821
    },
    "fashion_mnist_models_dataset_all_weights-stats": {
        "colsample_bytree": 0.8585134443790999,
        "learning_rate": 0.09074538114017713,
        "max_bin": 237,
        "max_depth": 15,
        "min_child_weight": 1,
        "n_estimators": 1500,
        "num_leaves": 2377,
        "reg_alpha": 0.00028150003965890513,
        "reg_lambda": 1.561317868332718,
        "subsample": 0.9271980124036371
    },
    "fashion_mnist_models_dataset_hyperparams": {
        "colsample_bytree": 0.7700482166475889,
        "learning_rate": 0.048887845819379425,
        "max_bin": 78,
        "max_depth": 15,
        "min_child_weight": 2,
        "n_estimators": 1500,
        "num_leaves": 850,
        "reg_alpha": 4.6345072278953,
        "reg_lambda": 4.08228427893095,
        "subsample": 0.20655867426308877
    },
    "fashion_mnist_models_dataset_hyperparams+metrics": {
        "colsample_bytree": 0.8760219389716493,
        "learning_rate": 0.07403961819634296,
        "max_bin": 159,
        "max_depth": 6,
        "min_child_weight": 1,
        "n_estimators": 1500,
        "num_leaves": 4488,
        "reg_alpha": 0.0006343121707274777,
        "reg_lambda": 2.470923904153704,
        "subsample": 0.9997066254100206
    },
    "fashion_mnist_models_dataset_layer_0_weights-stats": {
        "colsample_bytree": 0.8111167569426373,
        "learning_rate": 0.04970873249553955,
        "max_bin": 194,
        "max_depth": 10,
        "min_child_weight": 2,
        "n_estimators": 1500,
        "num_leaves": 4667,
        "reg_alpha": 0.3760264228988451,
        "reg_lambda": 0.0025755841084303677,
        "subsample": 0.997574376756678
    },
    "fashion_mnist_models_dataset_layer_1_weights-stats": {
        "colsample_bytree": 0.8665035388275085,
        "learning_rate": 0.09976969461411016,
        "max_bin": 158,
        "max_depth": 14,
        "min_child_weight": 2,
        "n_estimators": 1500,
        "num_leaves": 644,
        "reg_alpha": 0.8523853302309284,
        "reg_lambda": 0.02994880993559608,
        "subsample": 0.9995883957803671
    },
    "fashion_mnist_models_dataset_layer_2_weights-stats": {
        "colsample_bytree": 0.8608662177522379,
        "learning_rate": 0.09665177606921156,
        "max_bin": 118,
        "max_depth": 5,
        "min_child_weight": 1,
        "n_estimators": 1500,
        "num_leaves": 716,
        "reg_alpha": 0.20685988439998468,
        "reg_lambda": 1.7330183045014822,
        "subsample": 0.9605855413214289
    },
    "fashion_mnist_models_dataset_layer_3_weights-stats": {
        "colsample_bytree": 0.9317278872170806,
        "learning_rate": 0.08938246126025341,
        "max_bin": 157,
        "max_depth": 10,
        "min_child_weight": 3,
        "n_estimators": 1500,
        "num_leaves": 7952,
        "reg_alpha": 0.3589007224114604,
        "reg_lambda": 1.7694167040165998,
        "subsample": 0.9816403319939068
    },
    "fashion_mnist_models_dataset_layer_3_weights-stats+hyperparams": {
        "colsample_bytree": 0.914112014489356,
        "learning_rate": 0.06970841301520592,
        "max_bin": 232,
        "max_depth": 6,
        "min_child_weight": 1,
        "n_estimators": 1500,
        "num_leaves": 9113,
        "reg_alpha": 0.0029480102639485306,
        "reg_lambda": 0.017017492538829726,
        "subsample": 0.9429328405973557
    },