{
    "svhn_cropped_models_dataset_all_weights-stats": {
        "colsample_bytree": 0.9381969414317227,
        "learning_rate": 0.05381359457086502,
        "max_bin": 196,
        "max_depth": 15,
        "min_child_weight": 1,
        "num_leaves": 2479,
        "reg_alpha": 0.0016004342570028161,
        "reg_lambda": 0.053762123795265945,
        "subsample": 0.6712348590022641
    },
    "svhn_cropped_models_dataset_hyperparams": {
        "colsample_bytree": 0.728768869376814,
        "learning_rate": 0.04422624304115637,
        "max_bin": 74,
        "max_depth": 14,
        "min_child_weight": 5,
        "num_leaves": 2432,
        "reg_alpha": 2.543056398441263,
        "reg_lambda": 49.99563693748857,
        "subsample": 0.2907147574416149
    },
    "svhn_cropped_models_dataset_hyperparams+metrics": {
        "colsample_bytree": 0.9093713149731271,
        "learning_rate": 0.03050905238933043,
        "max_bin": 162,
        "max_depth": 13,
        "min_child_weight": 3,
        "num_leaves": 7340,
        "reg_alpha": 0.2722070369793801,
        "reg_lambda": 0.013801428424088102,
        "subsample": 0.985499253465385
    },
    "svhn_cropped_models_dataset_layer_0_weights-stats": {
        "colsample_bytree": 0.9010496242360773,
        "learning_rate": 0.09994977819813906,
        "max_bin": 92,
        "max_depth": 9,
        "min_child_weight": 4,
        "num_leaves": 1005,
        "reg_alpha": 0.00038565132720830286,
        "reg_lambda": 2.1456617879181437,
        "subsample": 0.9829683034752961
    },
    "svhn_cropped_models_dataset_layer_1_weights-stats": {
        "colsample_bytree": 0.9338398986138773,
        "learning_rate": 0.0951793808074162,
        "max_bin": 244,
        "max_depth": 9,
        "min_child_weight": 3,
        "num_leaves": 6282,
        "reg_alpha": 0.43509222837281125,
        "reg_lambda": 0.053859018256914144,
        "subsample": 0.9979164855622151
    },
    "svhn_cropped_models_dataset_layer_1_weights-stats+hyperparams": {
        "colsample_bytree": 0.9620625465401886,
        "learning_rate": 0.08345425635210783,
        "max_bin": 187,
        "max_depth": 7,
        "min_child_weight": 1,
        "num_leaves": 9621,
        "reg_alpha": 0.006666536317905536,
        "reg_lambda": 0.04922000619916175,
        "subsample": 0.9393141624630793
    },
    "svhn_cropped_models_dataset_layer_1_weights-stats+metrics": {
        "colsample_bytree": 0.988247869327886,
        "learning_rate": 0.08065822789321395,
        "max_bin": 231,
        "max_depth": 11,
        "min_child_weight": 1,
        "num_leaves": 3008,
        "reg_alpha": 0.1165868349590545,
        "reg_lambda": 0.045226319067432685,
        "subsample": 0.9636052412463164
    },
    "svhn_cropped_models_dataset_layer_1_weights-stats+metrics+hyperparams": {
        "colsample_bytree": 0.8350406918749104,
        "learning_rate": 0.07585743331305295,
        "max_bin": 180,
        "max_depth": 14,
        "min_child_weight": 1,
        "num_leaves": 1129,
        "reg_alpha": 0.08483622356350912,
        "reg_lambda": 0.04488406644321061,
        "subsample": 0.9569883965163721
    },
    "svhn_cropped_models_dataset_metrics": {
        "colsample_bytree": 0.9994233774368777,
        "learning_rate": 0.08423521144086414,
        "max_bin": 211,
        "max_depth": 10,
        "min_child_weight": 2,
        "num_leaves": 602,
        "reg_alpha": 0.26025341898906995,
        "reg_lambda": 1.8315293492734657,
        "subsample": 0.9388687575816754
    },
    "fashion_mnist_models_dataset_all_weights-stats": {
        "colsample_bytree": 0.957963479748194,
        "learning_rate": 0.09732944365709849,
        "max_bin": 109,
        "max_depth": 5,
        "min_child_weight": 1,
        "num_leaves": 3914,
        "reg_alpha": 0.14793289359520714,
        "reg_lambda": 0.20984880292869512,
        "subsample": 0.9304035264919639
    },
    "fashion_mnist_models_dataset_hyperparams": {
        "colsample_bytree": 0.7914680025852733,
        "learning_rate": 0.07752187011977597,
        "max_bin": 98,
        "max_depth": 9,
        "min_child_weight": 4,
        "num_leaves": 7334,
        "reg_alpha": 0.9070718170805294,
        "reg_lambda": 78.34662292736334,
        "subsample": 0.24434994752408074
    },
    "fashion_mnist_models_dataset_hyperparams+metrics": {
        "colsample_bytree": 0.8675175002379188,
        "learning_rate": 0.05093698203210708,
        "max_bin": 241,
        "max_depth": 15,
        "min_child_weight": 1,
        "num_leaves": 7175,
        "reg_alpha": 0.2126318650361799,
        "reg_lambda": 0.1209036454144228,
        "subsample": 0.9670972590589605
    },
    "fashion_mnist_models_dataset_layer_0_weights-stats": {
        "colsample_bytree": 0.9179131258205768,
        "learning_rate": 0.08519435650011017,
        "max_bin": 243,
        "max_depth": 9,
        "min_child_weight": 1,
        "num_leaves": 5350,
        "reg_alpha": 0.0965589154646529,
        "reg_lambda": 0.025797873760332157,
        "subsample": 0.9865358935071857
    },
    "fashion_mnist_models_dataset_layer_1_weights-stats": {
        "colsample_bytree": 0.939157966208507,
        "learning_rate": 0.09997417384783848,
        "max_bin": 174,
        "max_depth": 15,
        "min_child_weight": 3,
        "num_leaves": 4880,
        "reg_alpha": 0.4888746932415222,
        "reg_lambda": 2.221638345704806,
        "subsample": 0.9796501611642474
    },
    "fashion_mnist_models_dataset_layer_1_weights-stats+hyperparams": {
        "colsample_bytree": 0.8938704427348844,
        "learning_rate": 0.044676542928429756,
        "max_bin": 178,
        "max_depth": 15,
        "min_child_weight": 1,
        "num_leaves": 1063,
        "reg_alpha": 0.0046775307435507575,
        "reg_lambda": 0.07055567306907791,
        "subsample": 0.5640902405929357
    },
    "fashion_mnist_models_dataset_layer_1_weights-stats+metrics": {
        "colsample_bytree": 0.8656026084518527,
        "learning_rate": 0.09005019180963636,
        "max_bin": 178,
        "max_depth": 6,
        "min_child_weight": 1,
        "num_leaves": 1821,
        "reg_alpha": 0.18040107089908303,
        "reg_lambda": 0.052720451976237426,
        "subsample": 0.7994039949607534
    },
    "fashion_mnist_models_dataset_layer_1_weights-stats+metrics+hyperparams": {
        "colsample_bytree": 0.9672522239800481,
        "learning_rate": 0.08673468723329412,
        "max_bin": 105,
        "max_depth": 15,
        "min_child_weight": 1,
        "num_leaves": 7013,
        "reg_alpha": 0.20575895064315153,
        "reg_lambda": 0.24701086322837912,
        "subsample": 0.9149260983019687
    },
    "fashion_mnist_models_dataset_metrics": {
        "colsample_bytree": 0.8541932896442404,
        "learning_rate": 0.08363813399474164,
        "max_bin": 163,
        "max_depth": 10,
        "min_child_weight": 2,
        "num_leaves": 583,
        "reg_alpha": 0.9620055856674457,
        "reg_lambda": 3.0628472655518015,
        "subsample": 0.9807592945345593
    },
    "mnist_models_dataset_all_weights-stats": {
        "colsample_bytree": 0.995476403659481,
        "learning_rate": 0.08067725207941828,
        "max_bin": 165,
        "max_depth": 14,
        "min_child_weight": 1,
        "num_leaves": 1376,
        "reg_alpha": 0.004116104794342275,
        "reg_lambda": 0.03437420942245584,
        "subsample": 0.8450615783102561
    },
    "mnist_models_dataset_hyperparams": {
        "colsample_bytree": 0.7950250094215783,
        "learning_rate": 0.08224272907078453,
        "max_bin": 173,
        "max_depth": 9,
        "min_child_weight": 2,
        "num_leaves": 9061,
        "reg_alpha": 2.1341411259395384,
        "reg_lambda": 58.471351352428954,
        "subsample": 0.11571213418521943
    },
    "mnist_models_dataset_hyperparams+metrics": {
        "colsample_bytree": 0.9540936492503607,
        "learning_rate": 0.03662250022306202,